,node,llm_choice,llm_response
540,973,"{'answer': ['Active', 'Passive', 'No'], 'reasons': {'234': ""The given node has a profile of 'Culture And Arts', which is similar to options 4 and 5. Option 234 does not have an event topic, but the other option indexes are present in the context, making this option more likely to connect."", '522': ""Option 522 has an event topic of 'Community And Organization', which is different from the given node's profile. However, options 0 and 1 with similar topics are present in the context, so there is a possibility for passive connection."", '540': ""The given node has a profile of 'Culture And Arts', but option 540 does not have an event topic. This makes it less likely to connect to the given node.""}}","```json
{
  ""answer"": [""Active"",""Passive"", ""No""],
  ""reasons"": {
    ""234"": ""The given node has a profile of 'Culture And Arts', which is similar to options 4 and 5. Option 234 does not have an event topic, but the other option indexes are present in the context, making this option more likely to connect."",
    ""522"": ""Option 522 has an event topic of 'Community And Organization', which is different from the given node's profile. However, options 0 and 1 with similar topics are present in the context, so there is a possibility for passive connection."",
    ""540"": ""The given node has a profile of 'Culture And Arts', but option 540 does not have an event topic. This makes it less likely to connect to the given node.""
  }
}
```"
