,node,profile,choices,new_options,llm_choice,llm_response
0,379,"{'age': '18-35', 'gender': 'Male', 'marrige': 'No', 'withkids': 'No', 'student': 'No', 'workstatue': 'Freelancer', 'residentinneighbor': 'No', 'educationlevel': 'Graduate'}","[{'age': '18-35', 'gender': 'Male', 'marrige': 'No', 'withkids': 'No', 'student': 'Yes', 'workstatue': 'Freelancer', 'residentinneighbor': 'Yes', 'educationlevel': 'Graduate'}, {'eventtopic': 'Environment And Sustainability'}, {'eventtopic': 'Community And Organization'}, {'age': '18-35', 'gender': 'Male', 'marrige': 'No', 'withkids': 'No', 'student': 'Yes', 'workstatue': 'Freelancer', 'residentinneighbor': 'No', 'educationlevel': 'Graduate'}, {'age': '18-35', 'gender': 'Female', 'marrige': 'No', 'withkids': 'No', 'student': 'Yes', 'workstatue': 'Freelancer', 'residentinneighbor': 'No', 'educationlevel': 'Graduate'}]","[{'age': '18-35', 'gender': 'Male', 'marrige': 'No', 'withkids': 'No', 'student': 'Yes', 'workstatue': 'Freelancer', 'residentinneighbor': 'Yes', 'educationlevel': 'Graduate'}, {'eventtopic': 'Environment And Sustainability'}, {'eventtopic': 'Community And Organization'}, {'age': '18-35', 'gender': 'Male', 'marrige': 'No', 'withkids': 'No', 'student': 'Yes', 'workstatue': 'Freelancer', 'residentinneighbor': 'No', 'educationlevel': 'Graduate'}, {'age': '18-35', 'gender': 'Female', 'marrige': 'No', 'withkids': 'No', 'student': 'Yes', 'workstatue': 'Freelancer', 'residentinneighbor': 'No', 'educationlevel': 'Graduate'}]","{'answer': ['Yes', 'Yes', 'Yes', 'Yes', 'No'], 'reasons': ['The new option is similar to the context of a connected node with probability 0.9999999826977931', ""The new option has the same profile as one of the context options, so it's likely to connect"", ""The new option has a similar topic to one of the context options, so it's likely to connect"", ""The new option has a similar age and gender to the given node, so it's likely to connect"", ""The new option has a different profile than all the context options, so it's unlikely to connect""]}","```json
{
    ""answer"": [""Yes"",""Yes"",""Yes"",""Yes"",""No""],
    ""reasons"": [
        ""The new option is similar to the context of a connected node with probability 0.9999999826977931"",
        ""The new option has the same profile as one of the context options, so it's likely to connect"",
        ""The new option has a similar topic to one of the context options, so it's likely to connect"",
        ""The new option has a similar age and gender to the given node, so it's likely to connect"",
        ""The new option has a different profile than all the context options, so it's unlikely to connect""
    ]
}
```"
1,1135,{'spacefunction': -1},"[{'eventtopic': 'Technology And Education'}, {'age': '18-35', 'gender': 'Male', 'marrige': 'No', 'withkids': 'No', 'student': 'No', 'workstatue': 'Freelancer', 'residentinneighbor': 'No', 'educationlevel': 'Undergraduate'}, {'age': '18-35', 'gender': 'Male', 'marrige': 'No', 'withkids': 'No', 'student': 'Yes', 'workstatue': 'Freelancer', 'residentinneighbor': 'Yes', 'educationlevel': 'Undergraduate'}, {'age': '35-55', 'gender': 'Male', 'marrige': 'Yes', 'withkids': 'No', 'student': 'No', 'workstatue': 'Employed', 'residentinneighbor': 'No', 'educationlevel': 'Undergraduate'}, {'age': '35-55', 'gender': 'Male', 'marrige': 'No', 'withkids': 'No', 'student': 'No', 'workstatue': 'Employed', 'residentinneighbor': 'No', 'educationlevel': 'Undergraduate'}]","[{'eventtopic': 'Technology And Education'}, {'age': '18-35', 'gender': 'Male', 'marrige': 'No', 'withkids': 'No', 'student': 'No', 'workstatue': 'Freelancer', 'residentinneighbor': 'No', 'educationlevel': 'Undergraduate'}, {'age': '18-35', 'gender': 'Male', 'marrige': 'No', 'withkids': 'No', 'student': 'Yes', 'workstatue': 'Freelancer', 'residentinneighbor': 'Yes', 'educationlevel': 'Undergraduate'}, {'age': '35-55', 'gender': 'Male', 'marrige': 'Yes', 'withkids': 'No', 'student': 'No', 'workstatue': 'Employed', 'residentinneighbor': 'No', 'educationlevel': 'Undergraduate'}, {'age': '35-55', 'gender': 'Male', 'marrige': 'No', 'withkids': 'No', 'student': 'No', 'workstatue': 'Employed', 'residentinneighbor': 'No', 'educationlevel': 'Undergraduate'}]","{'answer': ['Yes', 'No', 'Yes', 'No', 'No'], 'reasons': [""The given node's profile is not provided, but the context of connect probabilities with similar nodes in the past suggests a probability of 0.2088421132141894 for this option."", 'This option does not match any of the options from the past that have high probabilities.', ""The given node's profile is {'spacefunction': -1} which means it might be interested in various events, including 'Technology And Education'."", 'This option has a lower probability compared to other similar nodes in the past.', 'This option also has a lower probability compared to other similar nodes in the past.']}","```json
{
    ""answer"": [""Yes"",""No"",""Yes"",""No"",""No""],
    ""reasons"": [
        ""The given node's profile is not provided, but the context of connect probabilities with similar nodes in the past suggests a probability of 0.2088421132141894 for this option."",
        ""This option does not match any of the options from the past that have high probabilities."",
        ""The given node's profile is {'spacefunction': -1} which means it might be interested in various events, including 'Technology And Education'."",
        ""This option has a lower probability compared to other similar nodes in the past."",
        ""This option also has a lower probability compared to other similar nodes in the past.""
    ]
}
```"
2,632,"{'age': '18-35', 'gender': 'Female', 'marrige': 'No', 'withkids': 'No', 'student': 'No', 'workstatue': 'Freelancer', 'residentinneighbor': 'No', 'educationlevel': 'Undergraduate'}","[{'eventtopic': 'Environment And Sustainability'}, {'age': '18-35', 'gender': 'Male', 'marrige': 'No', 'withkids': 'No', 'student': 'No', 'workstatue': 'Freelancer', 'residentinneighbor': 'No', 'educationlevel': 'Undergraduate'}, {'age': '35-55', 'gender': 'Female', 'marrige': 'Yes', 'withkids': 'Yes', 'student': 'No', 'workstatue': 'Employed', 'residentinneighbor': 'No', 'educationlevel': 'Graduate'}, {'eventtopic': 'Culture And Arts'}, {'eventtopic': 'Technology And Education'}]","[{'eventtopic': 'Environment And Sustainability'}, {'age': '18-35', 'gender': 'Male', 'marrige': 'No', 'withkids': 'No', 'student': 'No', 'workstatue': 'Freelancer', 'residentinneighbor': 'No', 'educationlevel': 'Undergraduate'}, {'age': '35-55', 'gender': 'Female', 'marrige': 'Yes', 'withkids': 'Yes', 'student': 'No', 'workstatue': 'Employed', 'residentinneighbor': 'No', 'educationlevel': 'Graduate'}, {'eventtopic': 'Culture And Arts'}, {'eventtopic': 'Technology And Education'}]","{'answer': ['Yes', 'No', 'Yes', 'Yes', 'No'], 'reasons': ['The given node is of the same age group and gender as the new option, increasing the probability of connection.', 'The work status and education level of the given node do not match with the new option, decreasing the probability of connection.', 'The event topic of the given context does not match with the new option, but the probability of the similar node connected in the past is still high.', 'The event topic of the given context matches with the new option, increasing the probability of connection.', 'The work status and education level of the given node do not match with the new option, decreasing the probability of connection.']}","```json
{
""answer"": [""Yes"",""No"",""Yes"",""Yes"",""No""],
""reasons"": [
""The given node is of the same age group and gender as the new option, increasing the probability of connection."",
""The work status and education level of the given node do not match with the new option, decreasing the probability of connection."",
""The event topic of the given context does not match with the new option, but the probability of the similar node connected in the past is still high."",
""The event topic of the given context matches with the new option, increasing the probability of connection."",
""The work status and education level of the given node do not match with the new option, decreasing the probability of connection.""]}
```

Reasons:

1. The age group and gender of the given node match with the new option 'Age: 18-35, Gender: Male', making a connection more likely.
2. The work status and education level of the given node do not match with the new option 'Age: 18-35, Gender: Male, Workstatue: Freelancer, Educationlevel: Undergraduate' does not increase or decrease the probability based on the context, but it is not a reason to say No.
3. The event topic of the given context matches with the new option 'Eventtopic: Environment And Sustainability', making a connection more likely.
4. The event topic of the given context matches with the new option 'Eventtopic: Technology And Education', making a connection more likely.
5. The work status and education level of the given node do not match with the new option 'Age: 35-55, Gender: Female, Workstatue: Employed, Educationlevel: Graduate' does not increase or decrease the probability based on the context, but it is not a reason to say No."
3,154,"{'age': '35-55', 'gender': 'Male', 'marrige': 'No', 'withkids': 'No', 'student': 'No', 'workstatue': 'Freelancer', 'residentinneighbor': 'No', 'educationlevel': 'Undergraduate'}","[{'eventtopic': 'Technology And Education'}, {'eventtopic': 'Environment And Sustainability'}, {'age': '18-35', 'gender': 'Male', 'marrige': 'No', 'withkids': 'No', 'student': 'No', 'workstatue': 'Freelancer', 'residentinneighbor': 'No', 'educationlevel': 'Undergraduate'}, {'eventtopic': 'Community And Organization'}, {'age': '18-35', 'gender': 'Male', 'marrige': 'No', 'withkids': 'No', 'student': 'Yes', 'workstatue': 'Freelancer', 'residentinneighbor': 'Yes', 'educationlevel': 'Undergraduate'}]","[{'eventtopic': 'Technology And Education'}, {'eventtopic': 'Environment And Sustainability'}, {'age': '18-35', 'gender': 'Male', 'marrige': 'No', 'withkids': 'No', 'student': 'No', 'workstatue': 'Freelancer', 'residentinneighbor': 'No', 'educationlevel': 'Undergraduate'}, {'eventtopic': 'Community And Organization'}, {'age': '18-35', 'gender': 'Male', 'marrige': 'No', 'withkids': 'No', 'student': 'Yes', 'workstatue': 'Freelancer', 'residentinneighbor': 'Yes', 'educationlevel': 'Undergraduate'}]","{'answer': ['Yes', 'No', 'Yes', 'Yes', 'No'], 'reasons': ['The given node has the same profile as one of the past nodes that connected with this option.', ""There is no past connection for this exact new option, but it's close to another past option that had a high probability."", 'The given node matches exactly with one of the past nodes that connected with this option.', 'Similarity in event topic with a past connected node.', 'No past connection found for this exact new option.']}","```json
{
  ""answer"": [
    ""Yes"",
    ""No"",
    ""Yes"",
    ""Yes"",
    ""No""
  ],
  ""reasons"": [
    ""The given node has the same profile as one of the past nodes that connected with this option."",
    ""There is no past connection for this exact new option, but it's close to another past option that had a high probability."",
    ""The given node matches exactly with one of the past nodes that connected with this option."",
    ""Similarity in event topic with a past connected node."",
    ""No past connection found for this exact new option.""
  ]
}
```"
4,761,"{'age': '18-35', 'gender': 'Male', 'marrige': 'No', 'withkids': 'No', 'student': 'No', 'workstatue': 'Employed', 'residentinneighbor': 'No', 'educationlevel': 'Graduate'}","[{'age': '18-35', 'gender': 'Male', 'marrige': 'Yes', 'withkids': 'No', 'student': 'No', 'workstatue': 'Self-employed', 'residentinneighbor': 'No', 'educationlevel': 'Undergraduate'}, {'age': '18-35', 'gender': 'Female', 'marrige': 'No', 'withkids': 'No', 'student': 'Yes', 'workstatue': 'Freelancer', 'residentinneighbor': 'No', 'educationlevel': 'Graduate'}, {'eventtopic': 'Culture And Arts'}, {'eventtopic': 'Culture And Arts'}, {'eventtopic': 'Culture And Arts'}]","[{'age': '18-35', 'gender': 'Male', 'marrige': 'Yes', 'withkids': 'No', 'student': 'No', 'workstatue': 'Self-employed', 'residentinneighbor': 'No', 'educationlevel': 'Undergraduate'}, {'age': '18-35', 'gender': 'Female', 'marrige': 'No', 'withkids': 'No', 'student': 'Yes', 'workstatue': 'Freelancer', 'residentinneighbor': 'No', 'educationlevel': 'Graduate'}, {'eventtopic': 'Culture And Arts'}, {'eventtopic': 'Culture And Arts'}, {'eventtopic': 'Culture And Arts'}]","{'answer': ['No', 'No', 'Yes', 'Yes', 'Yes'], 'reasons': [""The given node's profile and the context options suggest a strong connection to 'eventtopic' related options, but not to the first new option."", ""The given node's profile and the context options suggest a moderate connection to 'eventtopic' related options, but not to the second new option."", 'Similarity in education level with one of the context options suggests a possible connection.', 'Similarity in event topic with two of the context options suggests a possible connection.', 'Similarity in event topic with three of the context options suggests a likely connection.']}","```json
{
  ""answer"": [""No"", ""No"", ""Yes"", ""Yes"", ""Yes""],
  ""reasons"": [
    ""The given node's profile and the context options suggest a strong connection to 'eventtopic' related options, but not to the first new option."",
    ""The given node's profile and the context options suggest a moderate connection to 'eventtopic' related options, but not to the second new option."",
    ""Similarity in education level with one of the context options suggests a possible connection."",
    ""Similarity in event topic with two of the context options suggests a possible connection."",
    ""Similarity in event topic with three of the context options suggests a likely connection.""
  ]
}
```"
5,770,"{'age': '35-55', 'gender': 'Male', 'marrige': 'No', 'withkids': 'No', 'student': 'No', 'workstatue': 'Employed', 'residentinneighbor': 'No', 'educationlevel': 'Undergraduate'}","[{'eventtopic': 'Culture And Arts'}, {'age': '18-35', 'gender': 'Male', 'marrige': 'Yes', 'withkids': 'No', 'student': 'No', 'workstatue': 'Self-employed', 'residentinneighbor': 'No', 'educationlevel': 'Undergraduate'}, {'eventtopic': 'Culture And Arts'}, {'eventtopic': 'Culture And Arts'}, {'eventtopic': 'Lifestyle And Health'}]","[{'eventtopic': 'Culture And Arts'}, {'age': '18-35', 'gender': 'Male', 'marrige': 'Yes', 'withkids': 'No', 'student': 'No', 'workstatue': 'Self-employed', 'residentinneighbor': 'No', 'educationlevel': 'Undergraduate'}, {'eventtopic': 'Culture And Arts'}, {'eventtopic': 'Culture And Arts'}, {'eventtopic': 'Lifestyle And Health'}]","{'answer': ['Yes', 'Yes', 'Yes', 'Yes', 'No'], 'reasons': [""The given node's profile matches the new option's age range."", ""The given node's gender matches the new option's gender."", ""The given node's marital status is 'No', which does not match the new option's marital status, but this could be a reason for connection in some contexts (e.g., they may have never met someone who was married)."", ""The given node's education level and work status are consistent with many people who attend events about Culture And Arts."", ""This event topic ('Lifestyle And Health') is not related to the given node's profile, which makes it less likely that they would connect.""]}","```json
{
  ""answer"": [""Yes"", ""Yes"", ""Yes"", ""Yes"", ""No""],
  ""reasons"": [
    ""The given node's profile matches the new option's age range."",
    ""The given node's gender matches the new option's gender."",
    ""The given node's marital status is 'No', which does not match the new option's marital status, but this could be a reason for connection in some contexts (e.g., they may have never met someone who was married)."",
    ""The given node's education level and work status are consistent with many people who attend events about Culture And Arts."",
    ""This event topic ('Lifestyle And Health') is not related to the given node's profile, which makes it less likely that they would connect.""
  ]
}
```

* The first option has an event topic of 'Culture And Arts', which matches one of the previous connections. The given node's profile does not directly match this option, but their education level and work status are consistent with many people who attend events about Culture And Arts.
* The second option has an age range that is inconsistent with the given node's age range. However, they may still have some connection based on other factors such as shared interests or a common workplace.
* The third option also has an event topic of 'Culture And Arts', which makes it more likely for connection with the given node since their education level and work status are consistent with many people who attend events about Culture And Arts.
* The fourth option is another instance of 'Culture And Arts', making it even more probable that the given node would connect to this option based on shared interests and demographics.
* The fifth option has an event topic of 'Lifestyle And Health', which does not match the given node's profile or previous connections. This makes it less likely for connection."
6,781,{'eventtopic': 'Environment And Sustainability'},"[{'age': '18-35', 'gender': 'Male', 'marrige': 'No', 'withkids': 'No', 'student': 'No', 'workstatue': 'Freelancer', 'residentinneighbor': 'No', 'educationlevel': 'Undergraduate'}, {'eventtopic': 'Environment And Sustainability'}, {'age': '18-35', 'gender': 'Male', 'marrige': 'No', 'withkids': 'No', 'student': 'Yes', 'workstatue': 'Freelancer', 'residentinneighbor': 'Yes', 'educationlevel': 'Undergraduate'}, {'age': '18-35', 'gender': 'Male', 'marrige': 'No', 'withkids': 'No', 'student': 'Yes', 'workstatue': 'Freelancer', 'residentinneighbor': 'No', 'educationlevel': 'Graduate'}, {'age': '35-55', 'gender': 'Female', 'marrige': 'No', 'withkids': 'No', 'student': 'No', 'workstatue': 'Employed', 'residentinneighbor': 'No', 'educationlevel': 'Graduate'}]","[{'age': '18-35', 'gender': 'Male', 'marrige': 'No', 'withkids': 'No', 'student': 'No', 'workstatue': 'Freelancer', 'residentinneighbor': 'No', 'educationlevel': 'Undergraduate'}, {'eventtopic': 'Environment And Sustainability'}, {'age': '18-35', 'gender': 'Male', 'marrige': 'No', 'withkids': 'No', 'student': 'Yes', 'workstatue': 'Freelancer', 'residentinneighbor': 'Yes', 'educationlevel': 'Undergraduate'}, {'age': '18-35', 'gender': 'Male', 'marrige': 'No', 'withkids': 'No', 'student': 'Yes', 'workstatue': 'Freelancer', 'residentinneighbor': 'No', 'educationlevel': 'Graduate'}, {'age': '35-55', 'gender': 'Female', 'marrige': 'No', 'withkids': 'No', 'student': 'No', 'workstatue': 'Employed', 'residentinneighbor': 'No', 'educationlevel': 'Graduate'}]","{'answer': ['Yes', 'No', 'Yes', 'Yes', 'No']}","```json
{
    ""answer"": [
        ""Yes"",
        ""No"",
        ""Yes"",
        ""Yes"",
        ""No""
    ]
}
```

Here are the reasons:

* For the first new option: Yes, because it's a match with one of the past connected options (9.007764726559597e-21 probability), and the event topic 'Environment And Sustainability' matches the node profile.
* For the second new option: No, because it's not necessary information for this context, as we already know the eventtopic from the original node profile.
* For the third new option: Yes, because it has a high connection probability (0.9999999999041465) to past connected options and matches some characteristics of past connections.
* For the fourth new option: Yes, because although its probability is low (9.098294267116379e-21), it still shows potential for connection based on age and workstatue.
* For the fifth new option: No, because it doesn't have any similarities with the node profile or past connected options in terms of event topic."
7,866,"{'age': '35-55', 'gender': 'Male', 'marrige': 'No', 'withkids': 'No', 'student': 'No', 'workstatue': 'Freelancer', 'residentinneighbor': 'No', 'educationlevel': 'Undergraduate'}","[{'eventtopic': 'Technology And Education'}, {'eventtopic': 'Environment And Sustainability'}, {'age': '18-35', 'gender': 'Male', 'marrige': 'No', 'withkids': 'No', 'student': 'No', 'workstatue': 'Freelancer', 'residentinneighbor': 'No', 'educationlevel': 'Undergraduate'}, {'eventtopic': 'Community And Organization'}, {'age': '18-35', 'gender': 'Male', 'marrige': 'No', 'withkids': 'No', 'student': 'Yes', 'workstatue': 'Freelancer', 'residentinneighbor': 'Yes', 'educationlevel': 'Undergraduate'}]","[{'eventtopic': 'Technology And Education'}, {'eventtopic': 'Environment And Sustainability'}, {'age': '18-35', 'gender': 'Male', 'marrige': 'No', 'withkids': 'No', 'student': 'No', 'workstatue': 'Freelancer', 'residentinneighbor': 'No', 'educationlevel': 'Undergraduate'}, {'eventtopic': 'Community And Organization'}, {'age': '18-35', 'gender': 'Male', 'marrige': 'No', 'withkids': 'No', 'student': 'Yes', 'workstatue': 'Freelancer', 'residentinneighbor': 'Yes', 'educationlevel': 'Undergraduate'}]","{'answer': ['No', 'Yes', 'No', 'No', 'Yes'], 'reasons': [""The given node has a profile with 'marrige': 'No', which does not match the option {'age': '18-35', 'gender': 'Male', 'marrige': 'No', ...}"", 'This is a matching profile', ""The given node has a profile with 'educationlevel': 'Undergraduate', which does not match the option {'age': '18-35', 'gender': 'Male', 'marrige': 'No', ..., 'student': 'Yes', ...}"", 'This profile does not match any of the options in the context', 'This is a matching profile']}","```json
{
  ""answer"": [""No"", ""Yes"", ""No"", ""No"", ""Yes""],
  ""reasons"": [
    ""The given node has a profile with 'marrige': 'No', which does not match the option {'age': '18-35', 'gender': 'Male', 'marrige': 'No', ...}"",
    ""This is a matching profile"",
    ""The given node has a profile with 'educationlevel': 'Undergraduate', which does not match the option {'age': '18-35', 'gender': 'Male', 'marrige': 'No', ..., 'student': 'Yes', ...}"",
    ""This profile does not match any of the options in the context"",
    ""This is a matching profile""
  ]
}
```"
8,445,{'eventtopic': 'Culture And Arts'},"[{'eventtopic': 'Community And Organization'}, {'eventtopic': 'Environment And Sustainability'}, {'eventtopic': 'Culture And Arts'}, {'age': '35-55', 'gender': 'Male', 'marrige': 'Yes', 'withkids': 'No', 'student': 'No', 'workstatue': 'Freelancer', 'residentinneighbor': 'No', 'educationlevel': 'Undergraduate'}, {'eventtopic': 'Community And Organization'}]","[{'eventtopic': 'Community And Organization'}, {'eventtopic': 'Environment And Sustainability'}, {'eventtopic': 'Culture And Arts'}, {'age': '35-55', 'gender': 'Male', 'marrige': 'Yes', 'withkids': 'No', 'student': 'No', 'workstatue': 'Freelancer', 'residentinneighbor': 'No', 'educationlevel': 'Undergraduate'}, {'eventtopic': 'Community And Organization'}]","{'answer': ['Yes', 'No', 'Yes', 'Yes', 'No'], 'reasons': [""The eventtopic 'Community And Organization' was chosen by a similar node in the past."", ""There is no matching eventtopic 'Environment And Sustainability' in the given context."", ""The eventtopic 'Culture And Arts' was already chosen by the current node, and another similar node chose it in the past."", 'The demographic profile of the new option matches that of a similar node connected in the past.', ""There is no matching eventtopic 'Community And Organization' in the given context.""]}","```json
{
""answer"": [
""Yes"", 
""No"", 
""Yes"", 
""Yes"", 
""No""
],
""reasons"": [
""The eventtopic 'Community And Organization' was chosen by a similar node in the past."",
""There is no matching eventtopic 'Environment And Sustainability' in the given context."",
""The eventtopic 'Culture And Arts' was already chosen by the current node, and another similar node chose it in the past."",
""The demographic profile of the new option matches that of a similar node connected in the past."",
""There is no matching eventtopic 'Community And Organization' in the given context.""
]
}
```

The reasons for each choice are:

1. **Yes**: The eventtopic 'Community And Organization' was chosen by a similar node in the past, so it's likely to be chosen again.
2. **No**: There is no matching eventtopic 'Environment And Sustainability' in the given context of connect probabilities with similar nodes in the past.
3. **Yes**: The eventtopic 'Culture And Arts' was already chosen by the current node, and another similar node chose it in the past, so it's likely to be chosen again.
4. **Yes**: The demographic profile of the new option matches that of a similar node connected in the past, so it's likely to be chosen again.
5. **No**: There is no matching eventtopic 'Community And Organization' in the given context of connect probabilities with similar nodes in the past."
9,1020,{'eventtopic': 'Community And Organization'},"[{'age': '35-55', 'gender': 'Female', 'marrige': 'No', 'withkids': 'No', 'student': 'No', 'workstatue': 'Self-employed', 'residentinneighbor': 'No', 'educationlevel': 'Undergraduate'}, {'age': '35-55', 'gender': 'Male', 'marrige': 'No', 'withkids': 'No', 'student': 'No', 'workstatue': 'Employed', 'residentinneighbor': 'No', 'educationlevel': 'Undergraduate'}, {'age': '18-35', 'gender': 'Female', 'marrige': 'No', 'withkids': 'No', 'student': 'Yes', 'workstatue': 'Freelancer', 'residentinneighbor': 'Yes', 'educationlevel': 'Undergraduate'}, {'age': '18-35', 'gender': 'Male', 'marrige': 'No', 'withkids': 'No', 'student': 'Yes', 'workstatue': 'Freelancer', 'residentinneighbor': 'No', 'educationlevel': 'Graduate'}, {'age': '35-55', 'gender': 'Male', 'marrige': 'No', 'withkids': 'No', 'student': 'No', 'workstatue': 'Employed', 'residentinneighbor': 'Yes', 'educationlevel': 'Graduate'}]","[{'age': '35-55', 'gender': 'Female', 'marrige': 'No', 'withkids': 'No', 'student': 'No', 'workstatue': 'Self-employed', 'residentinneighbor': 'No', 'educationlevel': 'Undergraduate'}, {'age': '35-55', 'gender': 'Male', 'marrige': 'No', 'withkids': 'No', 'student': 'No', 'workstatue': 'Employed', 'residentinneighbor': 'No', 'educationlevel': 'Undergraduate'}, {'age': '18-35', 'gender': 'Female', 'marrige': 'No', 'withkids': 'No', 'student': 'Yes', 'workstatue': 'Freelancer', 'residentinneighbor': 'Yes', 'educationlevel': 'Undergraduate'}, {'age': '18-35', 'gender': 'Male', 'marrige': 'No', 'withkids': 'No', 'student': 'Yes', 'workstatue': 'Freelancer', 'residentinneighbor': 'No', 'educationlevel': 'Graduate'}, {'age': '35-55', 'gender': 'Male', 'marrige': 'No', 'withkids': 'No', 'student': 'No', 'workstatue': 'Employed', 'residentinneighbor': 'Yes', 'educationlevel': 'Graduate'}]","{'answer': ['Yes', 'No', 'Yes', 'No', 'Yes'], 'reasons': [""The given node has the same 'gender' and 'age' as one of its past connections."", ""None of the past connections have 'gender': 'Male', 'marrige': 'No', 'withkids': 'No', 'student': 'Yes', 'workstatue': 'Freelancer', 'residentinneighbor': 'No', 'educationlevel': 'Graduate' as a profile."", ""The given node has the same 'gender' and 'age' as one of its past connections."", ""None of the past connections have 'gender': 'Male', 'marrige': 'No', 'withkids': 'No', 'student': 'Yes', 'workstatue': 'Freelancer', 'residentinneighbor': 'No', 'educationlevel': 'Graduate' as a profile."", ""The given node has the same 'gender' and 'age' as one of its past connections.""]}","```json
{
  ""answer"": [""Yes"", ""No"", ""Yes"", ""No"", ""Yes""],
  ""reasons"": [
    ""The given node has the same 'gender' and 'age' as one of its past connections."",
    ""None of the past connections have 'gender': 'Male', 'marrige': 'No', 'withkids': 'No', 'student': 'Yes', 'workstatue': 'Freelancer', 'residentinneighbor': 'No', 'educationlevel': 'Graduate' as a profile."",
    ""The given node has the same 'gender' and 'age' as one of its past connections."",
    ""None of the past connections have 'gender': 'Male', 'marrige': 'No', 'withkids': 'No', 'student': 'Yes', 'workstatue': 'Freelancer', 'residentinneighbor': 'No', 'educationlevel': 'Graduate' as a profile."",
    ""The given node has the same 'gender' and 'age' as one of its past connections.""
  ]
}
```"
10,1023,{'eventtopic': 'Community And Organization'},"[{'age': '35-55', 'gender': 'Female', 'marrige': 'No', 'withkids': 'No', 'student': 'No', 'workstatue': 'Self-employed', 'residentinneighbor': 'No', 'educationlevel': 'Undergraduate'}, {'age': '35-55', 'gender': 'Male', 'marrige': 'No', 'withkids': 'No', 'student': 'No', 'workstatue': 'Employed', 'residentinneighbor': 'No', 'educationlevel': 'Undergraduate'}, {'age': '18-35', 'gender': 'Female', 'marrige': 'No', 'withkids': 'No', 'student': 'Yes', 'workstatue': 'Freelancer', 'residentinneighbor': 'Yes', 'educationlevel': 'Undergraduate'}, {'age': '18-35', 'gender': 'Male', 'marrige': 'No', 'withkids': 'No', 'student': 'Yes', 'workstatue': 'Freelancer', 'residentinneighbor': 'No', 'educationlevel': 'Graduate'}, {'age': '35-55', 'gender': 'Male', 'marrige': 'No', 'withkids': 'No', 'student': 'No', 'workstatue': 'Employed', 'residentinneighbor': 'Yes', 'educationlevel': 'Graduate'}]","[{'age': '35-55', 'gender': 'Female', 'marrige': 'No', 'withkids': 'No', 'student': 'No', 'workstatue': 'Self-employed', 'residentinneighbor': 'No', 'educationlevel': 'Undergraduate'}, {'age': '35-55', 'gender': 'Male', 'marrige': 'No', 'withkids': 'No', 'student': 'No', 'workstatue': 'Employed', 'residentinneighbor': 'No', 'educationlevel': 'Undergraduate'}, {'age': '18-35', 'gender': 'Female', 'marrige': 'No', 'withkids': 'No', 'student': 'Yes', 'workstatue': 'Freelancer', 'residentinneighbor': 'Yes', 'educationlevel': 'Undergraduate'}, {'age': '18-35', 'gender': 'Male', 'marrige': 'No', 'withkids': 'No', 'student': 'Yes', 'workstatue': 'Freelancer', 'residentinneighbor': 'No', 'educationlevel': 'Graduate'}, {'age': '35-55', 'gender': 'Male', 'marrige': 'No', 'withkids': 'No', 'student': 'No', 'workstatue': 'Employed', 'residentinneighbor': 'Yes', 'educationlevel': 'Graduate'}]","{'answer': ['Yes', 'No', 'Yes', 'No', 'No'], 'reasons': ['The given node has a similar profile to the first new option, with the same age and gender.', ""The given node does not have a match for the second new option's education level."", 'The given node has a similar profile to the third new option, with the same age, gender, and student status.', ""The given node does not match the fourth new option's workstatue and residentinneighbor status."", ""The given node does not match the fifth new option's workstatue, residentinneighbor, and education level.""]}","```json
{
    ""answer"": [""Yes"", ""No"", ""Yes"", ""No"", ""No""],
    ""reasons"": [
        ""The given node has a similar profile to the first new option, with the same age and gender."",
        ""The given node does not have a match for the second new option's education level."",
        ""The given node has a similar profile to the third new option, with the same age, gender, and student status."",
        ""The given node does not match the fourth new option's workstatue and residentinneighbor status."",
        ""The given node does not match the fifth new option's workstatue, residentinneighbor, and education level.""
    ]
}
```"
